<?xml version="1.0"?>
<!DOCTYPE hibernate-mapping PUBLIC "-//Hibernate/Hibernate Mapping DTD 3.0//EN"
"http://www.hibernate.org/dtd/hibernate-mapping-3.0.dtd">
<!-- Generated May 17, 2018 11:20:37 AM by Hibernate Tools 4.0.0 -->
<hibernate-mapping>
    <class name="com.fipa.dto.FnaEstatePlan" table="FNA_ESTATE_PLAN" >
        <id name="estId" type="string">
            <column name="EST_ID" length="20" />
            <generator class="assigned" />
        </id>
        <many-to-one name="fnaSelfspouseDets" class="com.fipa.dto.FnaSelfspouseDets" fetch="select">
            <column name="FNA_ID" length="20" />
        </many-to-one>
        <property name="estPlanDesc" type="string">
            <column name="EST_PLAN_DESC" length="200" not-null="true" />
        </property>
        <property name="estSelfPlanFlg" type="string">
            <column name="EST_SELF_PLAN_FLG" length="3" />
        </property>
        <property name="estSpsPlanFlg" type="string">
            <column name="EST_SPS_PLAN_FLG" length="3" />
        </property>
        <property name="estPlanRemarks" type="string">
            <column name="EST_PLAN_REMARKS" length="300" />
        </property>
        <property name="estCrtdBy" type="string">
            <column name="EST_CRTD_BY" length="20" not-null="true" />
        </property>
        <property name="estCrtdDate" type="date">
            <column name="EST_CRTD_DATE" length="7" not-null="true" />
        </property>
        <property name="estModBy" type="string">
            <column name="EST_MOD_BY" length="20" />
        </property>
        <property name="estModDate" type="date">
            <column name="EST_MOD_DATE" length="7" />
        </property>
    </class>
</hibernate-mapping>
