<?xml version="1.0"?>
<!DOCTYPE hibernate-mapping PUBLIC "-//Hibernate/Hibernate Mapping DTD 3.0//EN"
"http://www.hibernate.org/dtd/hibernate-mapping-3.0.dtd">
<!-- Generated Jun 4, 2018 12:24:17 PM by Hibernate Tools 4.0.0 -->
<hibernate-mapping>
    <class name="com.fipa.dto.MasterCpfContribRates" table="MASTER_CPF_CONTRIB_RATES" schema="FIPA">
        <id name="contrId" type="string">
            <column name="CONTR_ID" length="20" />
            <generator class="assigned" />
        </id>
        <property name="effFrom" type="date">
            <column name="EFF_FROM" length="7" />
        </property>
        <property name="effTo" type="date">
            <column name="EFF_TO" length="7" />
        </property>
        <property name="ageGrp" type="string">
            <column name="AGE_GRP" length="150" />
        </property>
        <property name="wageGrp" type="string">
            <column name="WAGE_GRP" length="150" />
        </property>
        <property name="totBaseValue" type="java.lang.Double">
            <column name="TOT_BASE_VALUE" precision="126" scale="0" />
        </property>
        <property name="totBaseOn" type="string">
            <column name="TOT_BASE_ON" length="20" />
        </property>
        <property name="totBonusValue" type="java.lang.Double">
            <column name="TOT_BONUS_VALUE" precision="126" scale="0" />
        </property>
        <property name="totBonusOn" type="string">
            <column name="TOT_BONUS_ON" length="20" />
        </property>
        <property name="totBonusLess" type="java.lang.Double">
            <column name="TOT_BONUS_LESS" precision="126" scale="0" />
        </property>
        <property name="totMaxLimit" type="string">
            <column name="TOT_MAX_LIMIT" length="150" />
        </property>
        <property name="empBaseVal" type="java.lang.Double">
            <column name="EMP_BASE_VAL" precision="126" scale="0" />
        </property>
        <property name="empBaseOn" type="string">
            <column name="EMP_BASE_ON" length="20" />
        </property>
        <property name="empBonusValue" type="java.lang.Double">
            <column name="EMP_BONUS_VALUE" precision="126" scale="0" />
        </property>
        <property name="empBonusOn" type="string">
            <column name="EMP_BONUS_ON" length="20" />
        </property>
        <property name="empBonusLess" type="java.lang.Double">
            <column name="EMP_BONUS_LESS" precision="126" scale="0" />
        </property>
        <property name="empMaxLimit" type="string">
            <column name="EMP_MAX_LIMIT" length="150" />
        </property>
        <property name="remarks" type="string">
            <column name="REMARKS" length="300" />
        </property>
        <property name="crtdBy" type="string">
            <column name="CRTD_BY" length="20" />
        </property>
        <property name="crtdDate" type="date">
            <column name="CRTD_DATE" length="7" />
        </property>
    </class>
</hibernate-mapping>
