<?xml version="1.0"?>
<!DOCTYPE hibernate-mapping PUBLIC "-//Hibernate/Hibernate Mapping DTD 3.0//EN"
"http://www.hibernate.org/dtd/hibernate-mapping-3.0.dtd">
<!-- Generated May 17, 2018 11:20:37 AM by Hibernate Tools 4.0.0 -->
<hibernate-mapping>
    <class name="com.fipa.dto.FnaRetireplanIncome" table="FNA_RETIREPLAN_INCOME" >
        <id name="riId" type="string">
            <column name="RI_ID" length="20" />
            <generator class="assigned" />
        </id>
        <many-to-one name="fnaSelfspouseDets" class="com.fipa.dto.FnaSelfspouseDets" fetch="select">
            <column name="FNA_ID" length="20" />
        </many-to-one>
        <property name="retIncDesc" type="string">
            <column name="RET_INC_DESC" length="60" />
        </property>
        <property name="retIncAmountSelf" type="java.lang.Double">
            <column name="RET_INC_AMOUNT_SELF" precision="126" scale="0" />
        </property>
        <property name="retIncYrstoretSelf" type="string">
            <column name="RET_INC_YRSTORET_SELF" length="20" />
        </property>
        <property name="retIncYrsSelf" type="string">
            <column name="RET_INC_YRS_SELF" length="20" />
        </property>
        <property name="retIncAmountSps" type="java.lang.Double">
            <column name="RET_INC_AMOUNT_SPS" precision="126" scale="0" />
        </property>
        <property name="retIncYrstoretSps" type="string">
            <column name="RET_INC_YRSTORET_SPS" length="20" />
        </property>
        <property name="retIncYrsSps" type="string">
            <column name="RET_INC_YRS_SPS" length="20" />
        </property>
        <property name="retIncCrtdBy" type="string">
            <column name="RET_INC_CRTD_BY" length="20" />
        </property>
        <property name="retIncCrtdDate" type="date">
            <column name="RET_INC_CRTD_DATE" length="7" />
        </property>
        <property name="retIncModBy" type="string">
            <column name="RET_INC_MOD_BY" length="20" />
        </property>
        <property name="retIncModDate" type="date">
            <column name="RET_INC_MOD_DATE" length="7" />
        </property>
    </class>
</hibernate-mapping>
